file_path,repository_id
eads/pulfa/eads/mudd/univarchives/AC019.EAD.xml,mudd
eads/pulfa/eads/mss/C0014.EAD.xml,mss
eads/pulfa/eads/mudd/publicpolicy/MC001.03.01.EAD.xml,mudd
eads/pulfa/eads/mss/C0003.EAD.xml,mss
eads/pulfa/eads/rarebooks/RBD2.EAD.xml,rarebooks
eads/pulfa/eads/mudd/univarchives/AC014.EAD.xml,mudd
eads/pulfa/eads/mss/C0280.EAD.xml,mss
eads/pulfa/eads/mudd/publicpolicy/MC039.EAD.xml,mudd
eads/pulfa/eads/mudd/univarchives/AC011.EAD.xml,mudd
eads/pulfa/eads/mss/C0171.EAD.xml,mss
eads/pulfa/eads/lae/LAE026.EAD.xml,lae
eads/pulfa/eads/mudd/publicpolicy/MC001.02.01.EAD.xml,mudd
eads/pulfa/eads/eng/ST1.EAD.xml,eng
eads/pulfa/eads/rarebooks/TC022.EAD.xml,rarebooks
eads/pulfa/eads/mudd/univarchives/AC020.EAD.xml,mudd
eads/pulfa/eads/mudd/publicpolicy/MC085.EAD.xml,mudd
eads/pulfa/eads/mudd/univarchives/AC465.EAD.xml,mudd
eads/pulfa/eads/mudd/publicpolicy/MC181.05.EAD.xml,mudd
eads/pulfa/eads/mudd/univarchives/AC003.EAD.xml,mudd
eads/pulfa/eads/mudd/publicpolicy/MC001.02.01.EAD.xml,mudd
eads/pulfa/eads/rarebooks/RBD1.1.EAD.xml,rarebooks
eads/pulfa/eads/mudd/univarchives/AC026.EAD.xml,mudd
eads/pulfa/eads/mudd/publicpolicy/MC001.01.EAD.xml,mudd
eads/pulfa/eads/mudd/publicpolicy/MC120.EAD.xml,mudd
eads/pulfa/eads/lae/LAE049.EAD.xml,lae
eads/pulfa/eads/rarebooks/RBD3.EAD.xml,rarebooks
eads/pulfa/eads/cotsen/COTSEN1.EAD.xml,cotsen
eads/pulfa/eads/cotsen/COTSEN2.EAD.xml,cotsen
eads/pulfa/eads/cotsen/COTSEN5.EAD.xml,cotsen
eads/pulfa/eads/eng/ENG001.EAD.xml,eng
eads/pulfa/eads/eng/ENG002.EAD.xml,eng
eads/pulfa/eads/ga/GC185.EAD.xml,ga
eads/pulfa/eads/ga/GC186.EAD.xml,ga
eads/pulfa/eads/lae/LAE001.EAD.xml,lae
eads/pulfa/eads/lae/LAE002.EAD.xml,lae
eads/pulfa/eads/mss/C0001.EAD.xml,mss
eads/pulfa/eads/mss/C0002.EAD.xml,mss
eads/pulfa/eads/mss/C0003.EAD.xml,mss
eads/pulfa/eads/mss/C0006.EAD.xml,mss
eads/pulfa/eads/mss/C0022.EAD.xml,mss
eads/pulfa/eads/mss/C0247.EAD.xml,mss
eads/pulfa/eads/mss/C1491.EAD.xml,mss
eads/pulfa/eads/mudd/univarchives/AC001.EAD.xml,mudd
eads/pulfa/eads/mudd/univarchives/AC005.EAD.xml,mudd
eads/pulfa/eads/mudd/univarchives/AC010.EAD.xml,mudd
eads/pulfa/eads/mudd/publicpolicy/MC001.EAD.xml,mudd
eads/pulfa/eads/mudd/publicpolicy/MC001.01.EAD.xml,mudd
eads/pulfa/eads/mudd/publicpolicy/MC001.02.EAD.xml,mudd
eads/pulfa/eads/mudd/publicpolicy/MC001.02.01.EAD.xml,mudd
eads/pulfa/eads/mudd/publicpolicy/MC001.02.02.EAD.xml,mudd
eads/pulfa/eads/mudd/publicpolicy/MC001.02.03.EAD.xml,mudd
eads/pulfa/eads/mudd/publicpolicy/MC001.02.04.EAD.xml,mudd
eads/pulfa/eads/mudd/publicpolicy/MC001.02.05.EAD.xml,mudd
eads/pulfa/eads/mudd/publicpolicy/MC001.02.06.EAD.xml,mudd
eads/pulfa/eads/mudd/publicpolicy/MC001.03.EAD.xml,mudd
eads/pulfa/eads/mudd/publicpolicy/MC001.03.01.EAD.xml,mudd
eads/pulfa/eads/mudd/publicpolicy/MC001.03.02.EAD.xml,mudd
eads/pulfa/eads/mudd/publicpolicy/MC001.03.03.EAD.xml,mudd
eads/pulfa/eads/mudd/publicpolicy/MC001.03.04.EAD.xml,mudd
eads/pulfa/eads/mudd/publicpolicy/MC001.03.05.EAD.xml,mudd
eads/pulfa/eads/mudd/publicpolicy/MC001.03.06.EAD.xml,mudd
eads/pulfa/eads/mudd/publicpolicy/MC001.04.EAD.xml,mudd
eads/pulfa/eads/rarebooks/RCPXG-5830371.1.EAD.xml,rarebooks
eads/pulfa/eads/rarebooks/RCPXR-6386581.EAD.xml,rarebooks